Id,Linear_Regression,Random_Forest,XGBoost
1,132866.41706204112,133661.2,143923.31
2,160457.792918741,155285.9,164855.3
3,174824.37534473697,172036.074,187712.42
4,196489.12215072708,181856.064,193200.9
5,213746.970076625,210575.192,203384.52
6,185855.67386888596,186225.5,185330.38
7,173126.71139373654,169622.678,172253.08
8,176340.13763911906,174567.082,168322.77
9,208374.92358159856,180154.914,186844.12
10,101243.35127138486,110543.132,105872.33
11,211173.47513816832,190538.92,189844.17
12,122254.39084690274,88362.2,89271.97
13,106011.85183865856,99269.164,88122.7
14,170549.42151871813,150047.678,150739.2
15,151232.64871499152,135647.69,130948.17
16,317910.6266470717,384838.954,381920.8
17,254703.91720005358,266532.784,259932.97
18,283720.08306401083,315996.664,318123.94
19,272994.18139879266,300807.928,303002.97
20,375366.6496489346,433149.634,425383.12
21,293320.87070065667,328182.686,321382.34
22,234705.26370817004,219080.684,212509.83
23,183768.2741265786,178621.544,160642.05
24,188063.59166662325,170439.93466666667,164534.2
25,190728.37067248323,167880.586,171147.69
26,215053.06121026585,207462.198,213891.52
27,306693.88033479545,359186.386,342964.3
28,267839.84393082606,258525.702,273380.03
29,207949.95184430783,200830.972,226295.05
30,206917.33648206503,190491.24,203957.2
31,207606.85930923675,189904.672,176502.7
32,99019.52472897596,108767.8,99180.58
33,196941.08328019385,186192.05,205221.39
34,278739.3914771457,293084.104,288400.12
35,272101.08186762757,277477.386,236962.89
36,222929.20449698088,211788.664,215576.78
37,214399.88188464334,183266.93,176352.36
38,180051.86971337767,151487.52680000002,153463.31
39,179686.9184916257,150980.138,152398.0
40,163021.70039427863,153624.026,144096.55
41,176620.0843177701,168511.76266666668,165090.4
42,172122.62646652362,148202.3328444445,130582.3
43,268022.21978955716,306653.788,334366.06
44,246591.44505345845,230852.296,222280.3
45,221829.8906013621,211241.908,208645.36
46,201788.70024382276,176368.978,177236.03
47,243632.16426267917,225167.538,255523.02
48,214697.63412338612,198538.352,179641.16
49,168625.66267386614,161303.812,166614.83
50,137080.276260274,145894.77,139823.61
51,136148.68373483443,146056.792,141314.8
52,164269.96050043055,149509.804,155850.8
53,172040.8480652338,157057.374,152592.67
54,140854.62153706164,143357.288,142311.66
55,219503.3909853089,171746.502,210107.44
56,172471.07246990874,173840.37,152053.69
57,172916.79415674298,150071.724,158654.1
58,156395.28930326994,133933.218,142033.55
59,215325.22203954286,208332.26,204338.7
60,118817.57850954589,132185.05,126757.63
61,125012.28774027573,142310.2,134765.3
62,185921.90401762095,163837.6,174634.53
63,99976.65299972566,113564.882,112307.26
64,126828.45935518155,130658.4,130547.33
65,111911.92944758385,128256.95,128504.164
66,114086.27147791791,130379.6,127215.414
67,96407.03725089412,106037.3,98065.625
68,146632.708777969,127384.808,128146.57
69,134721.9968891365,141569.674,149077.98
70,189659.48169441358,164103.5,174893.61
71,110561.13272462622,134176.19,120961.95
72,95021.16929509165,103269.708,104819.71
73,153558.03986653197,142771.124,146710.97
74,134939.27107811626,123766.624,118706.74
75,154671.99855028046,152091.368,155046.27
76,108684.916452565,118016.65,113375.52
77,34338.630656155525,86179.964,81901.836
78,187325.9990138549,193382.128,168122.78
79,224901.7451300074,231180.22,179320.8
80,116545.02711659577,121685.246,119084.53
81,160932.16559577826,152881.04,145542.56
82,142561.9142825317,135265.988,119638.695
83,205109.15042514168,213126.018,188995.72
84,67354.44431549497,85301.2,90581.45
85,129991.45023429603,109154.67,108125.21
86,151482.13331662025,126778.50066666666,129250.05
87,137447.03680148907,133889.276,138691.12
88,149836.35475793714,136411.946,132073.6
89,119140.026442362,116303.932,116086.125
90,126778.93742821598,146809.288,139932.88
91,126452.77199069923,115536.45,113769.11
92,126847.9802090379,146135.256,127500.06
93,136361.63435387937,155947.13,155092.03
94,127759.76137811295,108227.148,124419.58
95,173985.14915937698,170302.294,178859.48
96,76727.10823718482,99013.932,78956.06
97,93501.86691392912,106636.922,111180.97
98,101051.59977979469,95101.09,85877.336
99,60884.316201858455,110477.554,99432.39
100,145769.2512580154,147502.164,138000.14
101,123944.09482794255,135389.634,140318.38
102,120131.3962828503,121054.062,125204.945
103,107570.3626169702,109313.738,102724.95
104,169951.9026019557,161677.854,154932.39
105,146933.8209164932,155904.464,149613.25
106,250068.5996975298,206768.624,224003.36
107,60343.40834969701,83496.9,79382.22
108,204089.40058586304,207822.016,205222.02
109,98726.24628810538,154193.37,131456.0
110,150504.64367248095,133939.0,150112.12
111,116123.46857928601,138059.032,142243.8
112,133777.31854808005,139235.85,139650.17
113,250222.31588212098,246513.086,281014.44
114,128799.68801375246,115850.72,103563.96
115,229056.3845481011,185096.6,188353.48
116,234591.1939562983,206872.35,246055.03
117,205219.72637253837,201928.55,212564.61
118,143377.0324568476,146914.13,145793.61
119,141614.39823119598,144523.05333333332,159326.81
120,213946.326512167,191869.97,197413.95
121,141383.7840301399,144263.68,157336.66
122,118877.12497635838,122827.932,132299.17
123,288372.5843974466,320967.154,332486.38
124,236796.75319807138,241559.592,257726.84
125,152510.82359591103,136349.26255411256,136491.11
126,38068.30459447461,82532.3,79128.8
127,103975.5254131537,114906.866,118576.79
128,135441.8332748816,147206.45,138231.84
129,99959.79831833928,105944.21,98722.07
130,155305.83194985823,132024.24066666668,131426.17
131,72467.29097561236,110222.6,100876.2
132,124659.84162633494,125311.074,117168.92
133,129830.0063978571,117224.65133333334,110561.805
134,137375.86190131516,153627.072,156832.23
135,103764.60875359201,139221.416,110691.57
136,220762.72110406333,240065.796,239318.5
137,170631.20749001065,162582.512,187531.78
138,207029.0058999695,191474.744,200458.61
139,216707.1364193873,220811.738,204986.31
140,213448.77300093765,195932.632,197327.77
141,15502.453268953366,70283.7,62819.914
142,126363.47278876486,112299.166,102265.02
143,65411.55759644974,109100.3,108260.414
144,252925.90518587735,256283.81,261657.14
145,258688.73549521412,261443.776,250454.48
146,182781.13818483916,171820.886,170197.52
147,219474.06472497853,194484.806,218071.08
148,218817.43104348867,209701.742,216431.94
149,201565.40287583089,200128.672,215668.39
150,148169.53205112787,158361.484,164202.88
151,153933.92700071936,158946.084,157548.08
152,175380.0990492669,171020.584,189020.56
153,177383.639316516,175674.85,178585.08
154,125163.13643188775,114728.876,111003.4
155,85834.72687947378,88436.3,80888.125
156,67843.8693301545,82491.2,67485.664
157,92737.17537907488,95174.1,89908.67
158,118459.08790790685,124844.914,123268.36
159,136994.49734834442,140032.38333333333,148536.86
160,185675.525094511,163343.838,213630.14
161,142692.88815838052,145402.306,136210.83
162,122711.14328767802,138619.184,122946.03
163,261325.55107630044,278421.332,268723.47
164,210279.41894504218,199149.864,192242.62
165,133874.64211296057,134581.03933333335,127713.25
166,177297.6760461582,171879.13,176106.72
167,190638.6447653321,181042.564,182087.62
168,269329.15689172456,261022.222,254210.31
169,198351.64861481218,170958.024,176149.53
170,322281.78334874334,338099.612,332494.94
171,231123.03618953004,242543.39,244695.36
172,248738.22861174308,257793.0,243703.06
173,185670.2257151648,161349.32355555554,161858.52
174,190030.20327362232,179930.064,176139.25
175,176100.4933994233,181157.242,180688.61
176,169067.1599303931,169686.336,167374.56
177,191858.8288698441,181219.24,184030.06
178,227303.0823994479,210784.2,217952.1
179,203639.08727186266,181269.04,173800.39
180,268076.368883183,252615.866,274269.34
181,195646.1358189541,178797.83,166157.12
182,229903.8456605256,214714.702,209953.86
183,249595.9092782063,240218.484,235206.9
184,245104.65458573913,230061.984,228406.34
185,195050.58685435075,181496.228,195320.17
186,166063.4585987148,154049.074,163980.4
187,184444.53834557394,162334.964,160330.95
188,139610.51743240282,142991.742,131454.64
189,131471.0082900077,139966.9,138659.64
190,101546.81762521528,118683.4,116741.23
191,109183.93425752921,121039.7,125341.65
192,123246.74867700646,95968.0,96021.81
193,129811.13987063244,102145.1,101168.96
194,168620.6132336643,158210.18,150735.69
195,173017.760731488,148020.12386666666,142638.58
196,165505.48534449353,151979.7,140180.38
197,169643.4289898756,160173.48,150175.72
198,166009.82263260987,152073.8216,140875.95
199,153154.33858464262,137701.58999999997,125555.2
200,152246.71023142617,147966.12,157280.25
201,351999.5579404668,420713.918,458581.4
202,335468.52248991374,380426.214,397719.8
203,315870.1323890928,391120.484,392799.4
204,389541.0388380345,445914.574,449333.28
205,292275.8014892689,339470.398,379196.97
206,288753.96447300026,288901.388,294861.47
207,294901.8250188059,348876.834,334415.4
208,295894.491346912,339052.83,346064.53
209,275952.213113368,277187.76,289832.9
210,298750.82571667107,355497.886,384083.78
211,243908.04138061544,239967.032,242688.61
212,345942.2016895595,420358.47,427029.7
213,281190.78093742323,298328.006,320114.53
214,263201.2874237534,252083.422,248395.62
215,195196.40736335027,190347.282,191749.28
216,202025.92205192987,190163.024,196473.8
217,216938.86504127155,212948.862,211451.92
218,376523.1096031158,422110.166,415147.3
219,300361.70991860656,345866.52,349660.4
220,298959.3996622551,352544.592,359753.44
221,262785.8975569131,281131.566,310405.8
222,265902.81115418626,293251.798,275435.9
223,214517.0162478024,179751.24,177805.05
224,198310.5775532059,176131.622,174671.7
225,180397.89695863728,174730.356,168959.75
226,198581.4948497489,167276.72066666666,167979.5
227,188625.6859879922,165717.418,170265.67
228,210016.44310279633,190892.614,187993.02
229,208782.59548175475,188231.608,187614.53
230,199689.3708355897,178331.222,172393.27
231,189454.83891101298,161240.57,171249.47
232,252728.2371012452,251740.378,244042.19
233,181565.60535813728,165769.522,171363.95
234,180202.38819822343,179055.84,181989.61
235,188331.62716909964,168868.306,164770.56
236,257078.6291545527,274463.59,255903.58
237,194869.8958886515,171856.73,179438.97
238,313227.83855162817,351846.95,358786.6
239,295527.55217604013,339118.722,358079.03
240,241428.6169637798,230980.416,229797.72
241,270983.08852370153,271968.42,252684.39
242,268603.9307143362,276989.618,272106.97
243,261814.48911161884,285594.49,315776.22
244,269925.3922938199,290024.248,310052.44
245,234672.62358523766,259475.912,242021.02
246,356302.9138955965,417567.298,419505.44
247,210758.2682437289,221576.348,236910.84
248,212587.92453539302,220983.78,216902.94
249,283545.2752498309,314859.496,300042.94
250,248083.09902682062,233358.082,237004.22
251,254884.58280595276,241059.626,227950.05
252,265618.3113962738,287157.516,305159.88
253,242179.95734225423,233628.67,235733.61
254,219604.30223591905,211659.234,205572.64
255,210255.3617335637,201418.47,197184.86
256,204036.4332910059,194386.836,210932.8
257,186946.9237696163,169340.078,161784.66
258,148281.18391003693,146578.622,136703.06
259,214868.49037959008,205469.4126666667,202447.64
260,247462.05597148184,249585.67,253064.92
261,190806.80139333336,171623.296,178633.2
262,129107.68272297783,136116.17,133667.83
263,151231.62394145713,154183.87,166407.12
264,227881.14807617152,215979.022,225787.69
265,233396.94979655207,234513.922,246065.19
266,191686.72048233263,194172.766,190614.14
267,181174.27400980308,180125.43,167157.77
268,193821.30990578,183688.35,182942.36
269,173713.33523188415,164949.092,157720.61
270,202327.89189325087,192246.048,183680.33
271,113175.47513002553,125535.63,125998.484
272,123298.28052601987,125689.996,128586.05
273,111353.66021405277,113589.24,106208.78
274,112059.27377630514,130125.066,124518.67
275,121777.7260273539,131275.366,135753.38
276,106811.77241932345,118810.6,126889.984
277,314289.99725066987,349547.466,387733.0
278,236256.60283203842,215272.76,215381.55
279,299638.8543905951,307003.002,306608.78
280,224904.64064549562,187531.708,307608.47
281,199296.2315337481,184595.43,211298.03
282,176629.87436544755,168511.76266666668,165090.4
283,188159.60895641148,168907.43,158650.62
284,278750.6887363738,283510.208,256592.75
285,230472.08122043218,235923.848,217803.67
286,256747.99322911166,276117.756,211539.56
287,249343.47110040765,209664.718,223490.8
288,233500.21268901625,209969.118,235854.72
289,152458.7500502651,157723.46,152594.14
290,149757.4445251869,148057.546,131130.6
291,255231.72725136485,230769.102,238387.25
292,114081.85781392804,118671.72,115837.93
293,159922.55202611838,148299.018,151219.03
294,221185.0513465451,212105.004,199095.64
295,174215.9982559397,163675.574,161423.45
296,110695.86913061817,116163.902,129010.23
297,110743.789055472,122943.462,128730.93
298,137217.35801248415,147800.872,142237.67
299,177073.21196217113,162298.174,170016.97
300,158576.7991999623,157002.874,156490.77
301,156614.81951610744,159248.112,157247.62
302,182230.02682355442,169764.568,179277.14
303,177042.35170146474,161235.02,175378.08
304,111200.68373548589,119266.89,115619.14
305,198218.52637407952,165671.588,149476.98
306,184405.31216474995,167663.2,181972.44
307,223022.41337495903,204446.78,243043.66
308,129372.67855068971,135984.2,135858.11
309,199131.01046654978,166462.118,183939.53
310,144262.29209499015,139910.89,150852.2
311,121830.15147657902,136937.4,134955.94
312,136297.6428757296,141135.064,142764.77
313,117609.08665689593,143564.474,147173.23
314,166679.6323078666,136246.64,162445.25
315,141200.49963341444,134419.2,131571.6
316,121643.24060958205,129092.55,128160.74
317,95783.59531972208,110461.766,108082.445
318,127813.48776772246,124981.75,130032.64
319,123455.98149948078,120373.228,120734.12
320,187793.62118886155,172871.19,181618.73
321,122859.31937425607,134150.6,133018.42
322,61613.60898548365,93747.75,82878.97
323,133704.33921653102,133061.424,148081.39
324,74836.57315168716,99194.268,98304.36
325,108423.1423821873,124957.15,125642.71
326,154449.38369118515,156306.264,146744.58
327,181274.20095866872,158838.908,151710.02
328,2069.8932381325867,57746.0,50064.69
329,106656.05286884401,115683.6,109238.34
330,28535.90619421308,76345.5,54226.945
331,224240.59012822201,208674.578,188837.75
332,172611.30225039786,158554.2,168133.62
333,144412.8204049808,135815.75,143031.47
334,160550.48973673908,138687.726,142400.4
335,141455.41697732685,143171.1,138681.84
336,146592.129911297,129925.796,127524.84
337,149548.36333405878,127053.664,140609.05
338,116031.19962017704,131635.85,127284.48
339,100204.39657563646,111897.1,110551.04
340,111919.93274824414,119753.366,125402.88
341,114760.87992840633,129363.762,126042.54
342,166230.11147502298,157724.568,148649.25
343,169332.44058190472,155853.58,152597.2
344,142368.2781806062,140686.494,146295.28
345,144119.71438743034,131223.5,132950.05
346,142571.7523608026,113546.872,121917.17
347,146311.47954193922,145601.14,127511.53
348,117083.02984838141,124756.108,124983.9
349,105184.71298160357,129574.162,136485.3
350,138079.14917195868,151630.408,145857.38
351,87983.97901625698,120509.702,113991.28
352,91284.27413469926,119246.128,115735.055
353,126884.5467723778,122180.26,123623.77
354,70697.26582167926,101583.598,97051.17
355,9844.201552695129,72454.2,65514.242
356,96600.4381685222,102572.2,106021.46
357,96572.60037726886,112614.558,112129.11
358,163018.95315062255,153383.294,141290.52
359,129470.12806545733,116156.154,123274.305
360,34771.62230418017,66412.216,59062.74
361,130162.5032590658,131895.93,108742.36
362,145525.76221952308,153638.964,157324.44
363,590.7092656921595,62924.8,37712.88
364,144081.99500144878,138188.288,160745.9
365,136116.74794777017,140369.976,118882.586
366,89097.94014814054,96433.566,87788.89
367,99754.91088813613,109540.408,96379.78
368,136312.67031943938,142407.568,131726.39
369,138944.7958514383,120925.2,124983.23
370,162431.70911260415,158791.4,157500.39
371,185387.83484555874,165833.402,165948.06
372,102923.90952614183,124163.164,108240.0
373,149718.76903288416,143132.1,131362.67
374,132301.35409384477,132378.866,128011.016
375,130565.26564706606,155356.378,117682.36
376,157710.83189664455,149648.464,138606.03
377,66730.12833255134,90424.05,94627.39
378,133660.94989756914,132292.472,132507.61
379,83954.11786436848,87919.408,101370.79
380,124235.58088007942,166719.872,178536.7
381,133049.9368898305,146271.194,138153.33
382,72588.44235923141,102019.976,104592.98
383,146220.87999342475,148877.294,164597.23
384,146698.97221829114,139915.98733333332,130503.19
385,148308.26062366227,153742.776,148372.84
386,156203.90285112243,153250.2,155533.25
387,174346.03592513897,155542.416,188185.11
388,-12810.292985324864,64203.2,55166.492
389,113610.19962750236,116703.078,120239.13
390,120207.42564429855,132338.85,122716.3
391,166776.49276034068,160689.792,166931.1
392,123077.84843762894,132951.724,129445.63
393,125689.24962858716,133466.654,125059.15
394,191692.94990726514,163603.70666666667,168349.45
395,182870.46655424777,156625.192,149647.1
396,224754.35109187313,215388.058,206859.05
397,144449.5500611607,170451.444,172159.14
398,166765.00896814,149726.666,152976.3
399,132906.7021528622,126626.096,121173.36
400,168547.09032402653,155916.822,158732.89
401,131603.69722661213,127307.13,117527.555
402,280004.5302938209,299421.016,333677.3
403,277874.65103244805,294790.636,306919.53
404,277894.7750193407,294790.636,307439.34
405,311506.2580985108,333880.47,341069.28
406,291192.73845586204,336804.732,367016.97
407,255376.5301012753,257936.448,257637.56
408,274571.6412863338,284962.242,280608.75
409,217390.683714177,199962.782,207309.95
410,235189.35844239267,254217.558,247240.88
411,254941.63882606127,248331.044,270189.75
412,179492.13164511276,170581.804,176339.42
413,227602.69425458647,230034.514,207829.67
414,143575.4766794634,142274.5,153248.08
415,211845.1913315591,201309.304,207980.05
416,199314.77253975486,196023.956,195113.11
417,211651.51591748535,190626.328,194178.72
418,223549.046088584,218098.78,216224.94
419,117014.85507399333,133288.868,119313.664
420,135070.26193564176,134193.61695238095,136957.06
421,250775.37482442753,224734.114,230470.36
422,263273.88812170713,266910.836,263185.22
423,211181.71698709647,202918.968,209276.53
424,224087.14101161296,227226.442,216548.8
425,247128.68852035445,251884.784,239609.28
426,264757.81845768425,272993.396,289669.3
427,210815.34859452303,186386.734,215338.78
428,260975.07156796963,254674.472,261922.19
429,176790.47599348612,162927.668,165607.7
430,116103.97524163756,137559.25,131178.39
431,160679.3700208629,145591.33533333335,145790.95
432,80019.6491524512,109072.784,101857.84
433,124104.19594232598,134611.6,125449.234
434,128391.59606059315,131813.41,113821.42
435,157278.82835321687,154792.978,149551.5
436,128318.75382359955,120780.832,141165.77
437,113219.37408629595,108017.056,121320.766
438,126311.37208089908,103670.636,105884.48
439,148424.60836980538,130872.4,139691.02
440,150627.89614168764,134875.552,132794.36
441,159516.68080558535,162737.694,176697.0
442,132065.1761642089,112112.85,149195.77
443,225696.0037830514,216175.584,216346.48
444,137144.04387613246,138658.8,142029.1
445,190502.309354285,179791.41,183119.44
446,153334.1310944748,163977.968,163477.23
447,213216.01917859842,205420.3,213246.7
448,150787.7585602824,127476.85613333333,116194.805
449,162133.0029903422,132401.82133333333,124323.39
450,162200.44554100884,132356.82133333333,124323.39
451,210297.0571105217,193447.828,191462.25
452,297055.68667220534,253623.098,302435.9
453,138180.50193070364,134211.518,142797.66
454,50092.33561324561,82890.2,85723.53
455,252809.17263243347,306375.402,291106.5
456,14104.227984715952,75333.9,77060.445
457,262909.3138377294,258795.228,262074.97
458,152478.60696750227,135562.66371428574,130792.1
459,195410.05588693218,161048.334,176268.61
460,189047.74392917403,163026.294,167175.58
461,314959.610967773,390987.99,395320.53
462,281819.19472133555,322485.048,337610.56
463,231383.60534723266,196305.612,192346.56
464,218463.30800644145,215447.12,208882.81
465,226855.04603041243,224816.418,201018.47
466,319283.5688503571,385928.274,389436.62
467,131181.33879460394,141853.11,143576.73
468,157240.60652637528,155634.908,140279.9
469,125062.71661543776,127695.95,128296.51
470,151862.78157510608,140765.1294761905,140328.5
471,150501.00117554516,138726.968,141274.97
472,138239.51968562417,142492.892,144777.67
473,180337.21118942578,168309.324,167782.44
474,189225.11511322996,182614.38,188917.66
475,173752.02052894933,178636.328,174458.56
476,183033.33655367326,185598.414,175951.06
477,190150.22822370334,186918.88,196978.4
478,160720.75067698047,170000.982,198850.33
479,260532.081703007,262437.766,261639.5
480,213782.3230265712,210589.192,203384.52
481,192275.98477375763,180910.864,189170.67
482,183306.67708784482,196191.17,191319.88
483,222326.21631328692,205614.414,196886.56
484,281372.646133604,318642.776,297088.78
485,302195.20324975066,345526.814,380943.9
486,177066.70566210756,171114.11,179352.62
487,282439.984065027,313723.614,338855.4
488,203931.81703562476,187275.68,224708.47
489,240582.709647374,227565.148,211817.75
490,202096.7343246662,176444.7,175076.56
491,262319.0218663912,268502.726,246988.97
492,233136.81974483002,239289.278,205117.7
493,166719.16236794344,162625.334,163062.45
494,230267.4967322126,205073.31,192283.48
495,137460.7885324983,132841.866,138624.7
496,323079.48061307985,293277.658,326123.9
497,188502.10851385933,174039.048,170216.86
498,281382.93213860504,286387.182,298465.5
499,155342.24940149905,147898.83,152152.44
500,102029.25813759584,114417.0,121879.87
501,115261.67367863399,119157.468,116853.586
502,123246.74867700646,95968.0,96021.81
503,132556.68399554212,108035.93133333333,91558.92
504,116495.30851257546,110369.75,111749.3
505,158344.51794046815,148949.61333333334,141541.61
506,172968.7841510186,148815.4432,140225.98
507,257895.16840509558,259049.738,243897.33
508,312778.96794867003,380686.228,368394.06
509,309422.43083369895,374978.444,372539.6
510,341479.2108292,414784.536,422656.62
511,369192.5493207248,417664.928,414905.3
512,321714.2501013363,361166.146,336379.25
513,259442.7066482911,276056.158,261290.6
514,279927.39118622313,295981.898,277817.2
515,381354.4238699516,430216.554,450582.5
516,260703.33343007346,256503.906,255441.39
517,304895.7395325345,347961.356,338424.78
518,315880.86863266816,373221.912,382411.12
519,308108.4936118745,363861.546,367827.84
520,217795.6301478881,193605.37,203328.98
521,304949.49461258133,322821.536,291606.16
522,234900.18324154662,215554.184,213223.8
523,234900.18324154662,215554.184,213223.8
524,204245.69925004314,161930.38,155742.17
525,224676.67721476033,185209.15,196560.27
526,232992.5092144471,191032.28,204369.78
527,201656.92089193803,176064.304,166903.81
528,182404.52746630646,179477.744,180536.38
529,211579.30246316455,191264.352,195361.1
530,221662.0280173896,216206.626,225155.53
531,221377.74959957064,216394.224,241750.88
532,224026.47296895133,211886.04,206782.3
533,193025.39972917293,172596.88555555555,163796.47
534,241779.83071709913,251360.136,263556.16
535,208941.97299562627,188571.16,189637.81
536,265517.833736141,259679.052,243023.52
537,293982.51102756313,329019.358,311767.8
538,297733.8140269371,339225.296,342253.5
539,244418.39656880056,248594.504,264882.28
540,298716.460792609,305165.214,279946.12
541,247933.74719101214,248937.224,241747.0
542,234808.638902304,229637.312,231028.42
543,269774.9508231969,271109.248,249005.31
544,263927.9128817655,258230.754,251533.08
545,236837.83863827633,243896.438,242574.28
546,227277.34376677615,234993.584,255710.53
547,259579.326137556,275757.69,287320.88
548,197226.32069857768,190950.484,196010.89
549,191486.04496726464,198689.1,193976.3
550,207618.97473922465,192753.704,184221.47
551,153042.5424158799,151623.416,133168.66
552,189160.82967199967,185629.962,186998.5
553,179725.99210349773,184285.35,181723.86
554,183107.9474210036,189047.944,175654.55
555,203961.2406548434,198835.36,198243.03
556,191940.14293567673,196435.064,202216.94
557,204750.1584035533,205281.604,198231.19
558,120174.03878022311,124662.082,125459.13
559,129624.4422872169,122723.8,121856.46
560,105126.75514808623,113914.894,112302.63
561,98305.22765990254,107215.068,105524.38
562,193303.10556253814,175163.534,177975.2
563,151357.15392556693,158801.534,134005.22
564,246320.33120276686,213111.69,240999.0
565,326675.5006271305,383443.272,372262.2
566,202526.98834571196,177796.336,173633.48
567,161520.4241484648,147949.1002666667,139561.11
568,195843.86181303835,156141.68333333335,144863.95
569,171666.12703762087,171687.616,170680.84
570,269036.94976361515,283303.98,304496.94
571,254515.31373460777,256107.412,243450.14
572,258296.91391387163,275749.198,293898.25
573,262177.19083476067,274440.76,272146.94
574,182531.66723208688,161220.45,149861.53
575,222550.6563913473,210238.056,208609.03
576,217944.55128180585,206234.458,194165.31
577,219022.0795189927,206504.658,193292.23
578,329686.6081767017,344451.936,310377.94
579,228003.94588799123,220893.338,227468.69
580,323841.2428444319,401222.936,304474.66
581,263772.6465679554,265526.664,254249.53
582,221246.54005744332,205509.588,199836.03
583,173157.28878538636,163863.648,174144.75
584,197071.68706120946,174191.204,184347.48
585,223365.69741252204,220410.21,216791.67
586,164491.5367697957,146526.216,154064.05
587,138324.81617402262,145432.916,145550.08
588,128991.94053693162,134644.952,131399.81
589,158761.24319551024,141067.866,133107.83
590,192758.75128248218,185712.93,171122.36
591,98089.55335208052,105787.25,100584.19
592,124589.39718095306,141283.288,141248.56
593,129621.8055658061,142762.85,150144.81
594,73668.71446778672,90368.0,93966.75
595,154248.0006077215,142860.658,153103.34
596,142463.10419244505,127266.75,140676.48
597,107980.69149928307,126190.9,125499.16
598,207326.3232724932,219931.478,225987.61
599,128375.04661409138,111522.824,131156.55
600,163051.1679398783,151152.038,164983.22
601,187514.91326780617,175076.944,182292.16
602,118913.13064000267,135923.574,126057.25
603,105179.0712286348,120864.09,118341.11
604,136773.06662190263,138031.2,144037.64
605,114459.77615047991,129019.214,121806.9
606,199629.7197890121,198384.6,209319.34
607,127486.73902023863,123618.278,100148.97
608,164542.27047296776,139399.998,162979.05
609,84784.13141878066,99475.732,98378.29
610,111431.58507449878,116588.708,119873.46
611,72700.97335004713,94354.7,101847.56
612,170164.3245196559,148284.072,147346.8
613,131375.95601708815,131078.726,139582.2
614,197468.97406619787,163900.982,178209.92
615,146370.7449688192,147372.4,147666.81
616,131203.8552699727,125600.938,130428.81
617,133194.1146998573,145969.474,144604.69
618,111484.45213226601,129749.2,123986.195
619,150224.09864271805,133850.75,140844.5
620,139054.6276095165,123870.75,122375.04
621,127035.3426478568,119024.764,118566.81
622,136931.72861379245,132027.736,122975.6
623,146313.84422026714,137606.548,130084.73
624,112473.42297197995,119451.928,114236.86
625,116854.83066904568,135471.2,135228.33
626,149521.62894028937,136802.44666666668,160488.31
627,132689.98751335242,123913.678,127592.57
628,100727.11910917982,105181.332,92525.414
629,71023.80603445834,86772.066,77152.48
630,128422.94612252782,137048.948,136745.12
631,85706.17099804524,120010.6,132273.44
632,128029.41688865027,124362.608,135706.03
633,135097.09930716734,145988.532,139245.06
634,132758.79463206697,126078.78,110460.766
635,180584.65982365515,161889.908,176787.86
636,77819.67145645851,97068.416,87950.69
637,82035.98384998227,96098.76,96929.17
638,162418.96411128435,152437.852,158170.19
639,12674.032952511683,73131.164,78796.836
640,45513.38495524647,110985.856,100954.16
641,105911.30826220755,119782.348,120250.055
642,158915.46329765557,145247.986,142618.42
643,87427.22717669373,104434.324,103113.78
644,158659.0263061896,128654.176,130641.45
645,113126.45958496467,127579.568,116080.59
646,17660.22460143431,92075.166,65721.805
647,205496.63346231054,244137.772,227228.89
648,120087.90045966092,128819.0,132069.7
649,104766.20077518048,121914.45,123144.72
650,125447.79186236975,122401.824,131122.17
651,180291.2218517596,157726.812,162840.28
652,138958.58951444807,142462.634,125240.38
653,112201.62139576394,116209.688,110310.06
654,123601.17334951228,106836.304,108733.51
655,167801.81896398473,143502.936,142902.86
656,113986.35736117349,113098.268,111267.02
657,163571.37135762838,152921.136,148559.19
658,138942.9277811991,112224.858,126159.83
659,116127.86699422216,105698.632,98762.84
660,110820.26234544534,113278.89,101772.27
661,93140.37338698516,116775.5,116284.26
662,92729.7832171002,109887.724,107446.54
663,87239.36728983838,95722.728,81919.4
664,193499.77459141938,186049.12,153457.5
665,143373.10713014985,134145.386,140207.52
666,143994.25043716817,146778.264,123335.4
667,166797.36882023443,167329.016,149724.83
668,143168.42021589028,139963.836,141708.98
669,118385.38028899347,104955.6,115157.42
670,147985.39818570577,153703.866,159704.52
671,177656.8350192979,166513.676,152929.69
672,116033.1644455134,120912.6,126396.586
673,131473.6486831291,116530.05,116243.75
674,133018.71563040186,118607.452,124520.25
675,105512.4788099525,105977.3,113911.66
676,34124.219986762386,87286.1,85908.336
677,110350.65633173543,125160.65,124539.54
678,127812.18106250162,139393.9,137357.69
679,159796.62623596052,154168.796,152620.58
680,124597.47731346032,134678.1,137776.66
681,164669.27601319016,142768.48733333332,150747.55
682,117191.20133419288,139046.874,133494.42
683,142691.59917350346,147304.964,139047.44
684,101782.33789747045,112432.95,120176.61
685,126051.25540141645,135101.4,136976.2
686,190155.1804585862,159371.0,192337.94
687,167271.05783055327,149866.8,149999.58
688,141883.6697514942,124362.334,140273.34
689,150595.52425490203,138835.7,140817.72
690,227860.8693096405,235852.748,246648.92
691,145300.63728934317,117301.096,116455.24
692,163476.6344504517,194395.14,202710.84
693,158609.52917473135,165352.5,148338.64
694,100357.1871801815,111422.59,111474.06
695,152436.93433445971,129774.17,136019.58
696,254342.30790707236,237340.26,292926.38
697,225769.04776216857,217095.902,210988.7
698,233066.250783809,228818.736,248608.03
699,230440.07185315224,212244.424,208371.7
700,195735.5558867876,171156.682,175278.53
701,264002.39844368515,270490.696,267429.66
702,359889.53979802644,429253.888,452496.4
703,303226.1074734938,359910.524,404000.9
704,247959.72573230835,248703.24,256261.44
705,196924.31421365845,173819.56,168700.0
706,147189.74392895913,146304.86,157130.08
707,212790.98361239303,187469.05,221521.72
708,197070.2575816468,208429.41,203738.31
709,204602.84533213242,194324.552,202702.44
710,222090.74021878303,224901.724,220475.48
711,143662.32551188208,148470.906,139333.16
712,146840.53139183065,150206.068,150331.62
713,167421.59287116327,155005.176,178716.22
714,251140.6246090876,254642.688,228741.06
715,286128.0614127326,303677.116,296437.44
716,270704.4403220592,286362.91,294437.0
717,253194.6391057968,270243.236,265365.72
718,240425.21487484104,233302.102,225777.98
719,153002.10748712416,142614.7478571428,139133.31
720,230360.02319573285,206923.32,211829.67
721,207957.0357325254,195076.966,195978.69
722,239016.49882929912,233318.44,220156.25
723,208897.55700482405,217444.408,203491.33
724,117743.35331978649,139177.85,134389.83
725,121639.25107586174,136135.376,119950.984
726,164624.94664310012,146243.00066666666,143329.97
727,167447.84582728846,151834.122,155973.62
728,173898.23500269162,156716.4993333333,162578.42
729,308707.32613357785,190720.348,257897.16
730,74055.2441185168,89276.308,82242.04
731,74508.30576936575,91857.136,86685.81
732,64299.38959417911,93955.5,90092.86
733,99436.68548410456,101778.6,103059.95
734,95035.06561226677,103298.666,102845.414
735,86817.3718546608,108707.7,100928.164
736,97030.64934782474,113749.8,124094.2
737,91788.24723731913,110804.066,108754.14
738,185999.792651735,159598.58,207329.05
739,186394.47384291934,176370.0,181989.11
740,142031.6726292153,121126.93,129467.75
741,125696.4360038694,129091.82,140634.38
742,195846.28584503825,195141.282,196807.34
743,138273.67715106835,157285.4,135091.22
744,152822.7761906574,159836.526,170567.05
745,106269.13873365126,110193.186,109402.37
746,144467.37775643426,131838.95,123629.695
747,228090.9355777416,232231.054,214492.92
748,249446.43656556588,218499.452,232024.8
749,202922.1954288222,188106.35,244725.98
750,151278.31155321538,127714.97213333333,114473.79
751,123666.27801038045,116694.4,124328.01
752,131280.13145201956,117079.08,115418.586
753,93338.5919376444,107263.016,112264.945
754,146911.4197240509,140193.762,119121.484
755,102040.81445042067,106760.1,113904.39
756,156103.8301382463,136107.582,135357.61
757,16247.079580325866,85144.866,90743.3
758,74952.60930066602,98563.24,89507.87
759,68050.8716007839,84298.808,85220.52
760,55983.325180471875,87434.408,90170.33
761,254577.09539471916,291157.998,278917.03
762,232149.39414744405,211943.034,241032.48
763,263865.99356772145,265149.246,288122.84
764,233982.32287029875,223442.818,244792.23
765,143273.8536921735,150869.734,133391.23
766,167869.7264800705,175975.928,179323.06
767,217792.31170779304,193127.692,194723.42
768,248440.20431614644,241299.48,249874.22
769,249202.31851322297,247951.19,252647.53
770,147384.875152539,158158.714,166406.94
771,213970.1254430283,207809.162,223794.1
772,192752.39116096194,193025.086,199700.7
773,182586.05135812052,174420.43,150420.62
774,233886.6065817764,254614.544,222511.45
775,200611.11222820356,194524.116,186180.08
776,261342.27989130607,284172.086,277259.78
777,290650.4452124336,327254.672,319697.8
778,215437.28171034204,193656.928,199730.16
779,132754.13080208562,136968.77,146297.66
780,166640.1453099514,161736.29,166946.22
781,132024.19693234074,151479.084,157706.02
782,131121.88074516552,139098.792,131092.86
783,145566.16737800837,135930.086,131797.98
784,99861.69482846372,98753.208,92465.04
785,105749.8928578191,97016.466,106123.4
786,133252.64859164273,137174.16,142601.84
787,135276.5709160359,98640.316,105304.74
788,122286.9827870233,124565.4,126465.36
789,112063.74486363959,123021.164,127464.01
790,128106.89402952977,140492.45,134907.14
791,113653.93120662775,132998.496,127929.53
792,198944.3333158847,185088.74,177270.52
793,166016.58894268214,154748.87955555556,165769.08
794,182865.74633231806,178881.802,184395.83
795,195164.6719296598,184211.28,184243.23
796,190383.20393021777,179661.18,192011.1
797,213757.28516310127,202914.464,213252.25
798,180844.82769234432,176841.98,174424.34
799,184977.12835653173,180437.76,187758.84
800,167463.59090553294,159614.5,159667.36
801,203036.37950095325,192032.12,189207.23
802,228532.07992363442,210530.268,206046.0
803,290235.7156985232,318113.27,340562.47
804,374127.47781011974,431976.024,450283.97
805,179385.20621987712,166671.408,174380.4
806,274740.34987988696,278639.656,282478.25
807,317451.6561995838,382353.856,389772.3
808,325138.4502938653,371230.042,385560.53
809,168401.58351851022,171884.056,158516.86
810,204162.9011645154,179851.43,167838.88
811,231734.38388793892,205655.984,191991.88
812,211316.99593736604,195094.21,188725.8
813,167477.31476260652,166170.234,157118.89
814,182302.51301626186,169487.388,157904.98
815,196068.8277121056,183883.056,199039.31
816,201576.67206569598,169887.14,174040.77
817,195801.31300658803,178830.338,180931.97
818,155602.08081942168,150493.398,147912.67
819,110040.70664766012,117943.718,113517.96
820,105550.87754293578,117185.2,124298.81
821,191278.66764633032,179013.298,177303.77
822,194390.4768120658,181067.87,199452.53
823,130069.75248333672,99832.7,103583.54
824,127695.07224708749,111173.282,110706.82
825,174523.57106459467,141438.49653333335,141536.55
826,118756.31173698511,127863.696,121672.25
827,292946.71035730303,321330.786,329062.75
828,270263.487591255,282425.362,300257.53
829,312206.215333014,397223.866,378523.1
830,352866.14794973773,420852.12,421301.53
831,289413.5262897846,315396.25,303078.9
832,348545.7277519624,411118.578,496217.1
833,363551.6763792848,437195.672,397444.4
834,337170.1964776518,411775.618,435862.0
835,374271.22905361326,448832.358,417405.25
836,289239.4390735754,326524.958,310617.78
837,278552.67351645697,285673.2,289540.72
838,297554.5959048271,333888.038,341587.72
839,325878.0669335511,399114.224,352182.12
840,295202.33764551417,304364.752,311099.62
841,257125.37256777426,258380.35,274069.9
842,237597.18352222722,227672.904,229135.86
843,250690.00223846617,260386.352,260829.66
844,261703.5269507647,253685.892,253358.4
845,202082.6554435431,184608.576,180148.66
846,202083.7432266185,184608.576,180148.66
847,194165.66434841743,189494.528,189067.98
848,252564.9644385262,226751.99,212000.47
849,271925.7155158492,276390.442,277642.94
850,233592.94283120823,216252.644,213350.3
851,214387.57006184547,180009.04,177805.05
852,185390.67062184564,185395.41,171388.89
853,184294.71848013205,177330.028,178075.94
854,192997.7222992212,178997.25,180560.11
855,182941.75281696115,176263.372,179348.53
856,191742.20680749253,189049.08,179696.0
857,178772.1637083555,175876.216,166754.47
858,176633.30795442127,175714.518,178242.47
859,190742.2208271115,178070.074,181818.23
860,200329.06743817613,190121.124,217378.05
861,250713.18490110454,246355.352,247890.97
862,202831.7225592155,165959.782,162957.28
863,188380.31769525027,175322.85466666668,181971.45
864,189523.10702508735,166855.43,169734.58
865,225053.94755326444,228753.348,234597.4
866,190600.60237479,165744.532,163105.66
867,219428.84752565878,206652.14,197629.33
868,222081.5021061038,214315.114,225545.72
869,194358.80335561908,181937.37,176659.83
870,192846.42576941522,177772.292,172442.23
871,316022.9851081094,372458.788,392935.38
872,343667.1959697779,391850.044,369016.06
873,295229.6266607316,313749.43,250028.12
874,252770.00524237473,265393.882,250790.98
875,257037.9452934924,256683.636,244234.45
876,296653.87897364236,306742.394,302908.84
877,215637.41331772972,221940.672,248704.64
878,259559.00901198317,249001.156,252565.33
879,242552.55561600602,250651.712,261122.83
880,350125.51776992064,389202.354,399532.34
881,222501.21141073992,221461.14,235344.9
882,234300.3470784712,245443.932,236820.0
883,227432.36036362546,218038.724,222169.5
884,230575.62126811827,233949.302,214096.69
885,260129.69280997268,253209.238,243476.64
886,225342.2769562786,233285.506,229935.39
887,204869.8042114959,195464.64,187429.52
888,238887.8846929653,234851.266,238418.89
889,166797.46777042653,164430.452,159156.75
890,265752.69159085024,266705.046,287967.88
891,256928.17576849647,269422.076,248499.77
892,267287.8299985009,273425.37,250269.8
893,247185.0386791036,230481.42,262935.22
894,145061.32264016103,135338.234,134563.9
895,167192.76300767274,148071.044,139777.8
896,150502.6560447577,151737.706,156883.98
897,214276.41860307287,205403.932,206914.98
898,192694.74492388684,200162.962,190909.94
899,162840.42497316469,122785.746,132478.36
900,114524.51218057657,121948.04895238095,124283.04
901,143179.59443241265,142731.47,142892.86
902,267335.673135662,288624.944,267052.0
903,130907.37524775323,139995.92,132847.75
904,175577.83897216665,154571.372,168751.52
905,235098.97925214563,215569.176,224316.89
906,209477.66356829973,196461.74,189849.75
907,238755.80051472387,246398.428,232095.33
908,211731.61276879907,190243.34,188391.1
909,241383.3644147243,228389.348,234320.69
910,176426.4534437675,170476.86,177162.39
911,173560.87566018058,173571.624,166715.95
912,203949.73539230227,190311.062,195187.33
913,266085.3984131722,254624.45,262195.6
914,306072.06694704085,316207.282,309787.44
915,245322.00217236602,261412.044,272912.5
916,275370.09560832125,232079.766,240527.47
917,324563.98253028723,366396.282,348567.25
918,151999.7901479709,148475.91933333332,142842.44
919,225987.80474048574,183073.62,179918.02
920,150379.50412543467,142768.93333333332,142602.61
921,164361.08637980674,153556.274,142809.28
922,219514.8766461322,178835.71,192827.72
923,232408.17698802263,216142.988,227566.4
924,241903.67849819618,231013.046,235480.19
925,165013.69694655668,152114.0,168306.88
926,134821.10110399104,139436.43333333332,138079.72
927,124086.66274449509,131744.974,134935.45
928,107214.32786892331,104514.634,109677.59
929,126191.71034543938,123030.25,127687.94
930,140490.21077471692,140296.716,151809.47
931,145856.51473593898,136473.084,139386.6
932,113885.01972251711,127572.666,139175.66
933,182500.7898265908,162704.42,163641.94
934,138797.23464020714,140825.03333333333,138246.84
935,202745.28456773004,196228.71,206167.16
936,161879.07377324952,153038.3,148103.8
937,209236.27902916633,209970.89,230976.73
938,119743.99708093586,128889.9,121854.555
939,19057.604348102817,60481.4,49366.51
940,24340.068531131605,58330.6,46695.266
941,116469.15656636562,118107.766,120264.51
942,128270.8109958698,133918.1,130173.39
943,167260.43069604714,137029.01,142019.6
944,144343.14876993466,140308.326,153431.3
945,163375.8822421087,153616.548,150814.2
946,140441.32775621046,129106.3,134500.22
947,112951.33027749299,129210.05,127234.66
948,142310.4768784782,143589.474,142410.95
949,128331.92161712679,135256.824,132450.33
950,202735.12678259495,162527.14,191537.23
951,108529.88097094093,119309.166,111056.06
952,149102.1160583382,147141.88,143649.56
953,124373.43755282857,136820.524,123851.36
954,140028.76774614514,135224.05,136901.48
955,149314.4848224176,132393.986,144586.34
956,137855.102605002,128129.616,123236.94
957,138840.96068168478,127712.65,130481.99
958,117682.47128130659,125667.5,125234.414
959,107476.26435421407,126013.992,135789.2
960,118981.63697172794,117223.59,119047.12
961,138978.0079150151,147814.76,146024.28
962,114069.47722446569,132123.42,120349.1
963,84175.64690006967,128416.418,114796.195
964,161991.34288213123,161926.582,154961.9
965,231877.90952785662,165415.176,282304.2
966,123311.70776475524,129102.3,151441.95
967,111692.44412313611,132359.696,139959.62
968,186043.8350581443,164048.05,159009.55
969,111433.4922237054,123120.15,130722.24
970,133808.00952608045,124678.696,127934.59
971,112767.02284520143,106567.126,82692.19
972,122281.2444563075,133306.0,139726.53
973,134413.00502672698,142418.8,135491.27
974,127081.4593509289,142655.672,126108.78
975,152495.1071266923,156981.596,154110.06
976,96507.8753893103,110747.744,101485.84
977,104498.81751210848,104358.628,95851.16
978,110425.4322320451,113637.628,119884.875
979,116052.26482959092,119513.14,133844.67
980,139585.61653320608,123901.174,125968.336
981,97673.93165265443,106856.974,94642.945
982,97874.84864290431,106520.432,104203.695
983,141569.20635537687,121303.222,145059.48
984,124064.7313193616,123832.316,122067.47
985,62294.89670403884,106037.24,99724.36
986,117253.85570710478,124844.47,131321.12
987,222004.45588177931,224709.214,173441.44
988,151306.8600149206,162267.228,158992.9
989,105166.34982403042,114721.778,102360.52
990,159665.40128753847,153081.048,139963.78
991,123843.00694182911,120025.49,129862.42
992,219976.29729704838,206643.074,227357.05
993,85531.57194108446,106659.2,98004.64
994,128764.02020125091,125584.3,141468.58
995,121022.22683818499,111065.4,119857.125
996,130781.88417649921,132449.468,147245.4
997,113694.09629424103,116258.92,123518.08
998,136621.05219656555,110701.086,118495.76
999,104205.5868399546,114639.6,112520.81
1000,150328.65634504356,132871.282,127001.95
1001,120041.92778804246,120433.39,120630.24
1002,130723.32329686312,135788.136,124048.18
1003,116162.39398086304,111791.978,107310.31
1004,189715.60232531838,192838.618,178975.27
1005,145917.1466473136,132135.556,134910.86
1006,110021.04659935506,117267.12,115916.4
1007,160328.03608876187,143210.718,142545.48
1008,71559.41951531474,98252.916,97370.39
1009,78573.68060413911,97908.64,64237.094
1010,213483.79513954697,184303.666,196069.03
1011,223813.78056355752,186545.35,201735.9
1012,194494.14591228962,186638.556,167433.89
1013,109817.24391996302,118732.228,129208.88
1014,59415.76262989617,104429.65,99024.484
1015,245726.70454994403,225029.708,239677.47
1016,115444.07353966753,114345.364,117253.68
1017,111065.16562361177,131252.566,127277.445
1018,168930.96835501678,167579.52,161025.4
1019,88945.95324260602,114449.6,103819.91
1020,148902.4818776485,151611.56,177732.84
1021,108900.34563052491,115901.6,127045.49
1022,126548.74271890149,123091.198,120258.21
1023,103655.97861063038,119895.9,127286.68
1024,123315.7509695359,127340.564,120571.234
1025,118014.74849596736,123912.83,132863.78
1026,143503.91545723146,157317.05,143040.2
1027,185985.55700171017,163256.448,220816.98
1028,181040.3395551534,140877.592,170719.9
1029,158815.59013054636,145155.8,143430.03
1030,143897.77240268933,152257.524,157306.28
1031,87604.10253720288,108543.6,105032.12
1032,191394.1648723837,183114.56,187494.27
1033,148884.6637638542,138807.586,160499.73
1034,172078.45933872624,170008.5,177499.1
1035,102465.1212429963,110533.042,95118.76
1036,243576.7334151431,227449.868,253032.34
1037,165224.44492551102,143797.804,132333.89
1038,100359.2785983095,102357.0,101402.78
1039,73782.71391856857,100751.732,103933.12
1040,130682.90974089969,131647.578,128335.01
1041,128086.0980668934,139637.76,149339.69
1042,137672.62226583785,148951.524,154345.42
1043,79904.59880574676,111612.906,107268.086
1044,202083.61176340492,208473.694,223908.78
1045,225214.09895544057,205542.816,199079.92
1046,266663.3849437437,280078.928,277656.28
1047,296262.1120110955,345302.404,300845.06
1048,267238.27829902247,278755.574,276941.7
1049,230279.39032128453,219827.386,219526.22
1050,246874.11942608375,241803.434,240713.17
1051,202419.20908461697,190836.11,196277.88
1052,218552.83689767984,214567.226,195160.81
1053,223989.11947355117,220229.916,196253.38
1054,271554.29333869065,258064.368,290863.3
1055,148799.71708123456,153424.03,166156.25
1056,168596.99071496236,157443.86066666667,159305.75
1057,140550.2337866926,136987.0,146445.42
1058,135750.97788248165,124381.59066666667,145057.55
1059,230723.62955285795,229286.616,220203.83
1060,219435.8400033214,212586.59,214120.4
1061,208071.29761778493,195383.77,193653.02
1062,223917.0034282289,212778.382,204269.86
1063,115233.40740295895,129359.174,126098.92
1064,127926.84218466445,134833.26,127098.53
1065,148400.10749498731,149859.6,153667.28
1066,138865.75821902417,145738.866,148904.34
1067,108598.97096942249,126056.07,112826.19
1068,119763.30605778121,127780.532,131786.27
1069,115562.05164013803,119700.256,115579.42
1070,115125.43243974796,114170.1,133893.48
1071,235272.28528213687,223288.2,207320.56
1072,235051.33383591427,232335.212,233850.52
1073,211162.8766754251,203308.698,205573.27
1074,241170.45328193647,260695.114,228925.3
1075,285037.14642659505,327172.546,299793.6
1076,245413.295757632,232618.444,245271.58
1077,241076.95341469697,235069.94,219119.14
1078,198465.93672042014,189462.82,183080.89
1079,199372.90891326475,188475.266,186554.92
1080,186685.3112937722,180730.786,175751.67
1081,203269.1356987683,185500.588,181060.34
1082,157414.56339998054,153337.252,159799.02
1083,124886.2754846816,120517.702,117264.234
1084,118548.95120241749,138097.322,119250.08
1085,136258.05173152522,142340.294,137404.44
1086,165843.11015400453,149704.25,151926.48
1087,159305.48538359092,143026.986,139813.58
1088,174390.24513360113,160170.21,181571.61
1089,152681.55016467161,154483.976,157165.06
1090,596501.3542271429,312887.042,415793.25
1091,160679.3700208629,145591.33533333335,145790.95
1092,126050.31567411311,122214.65,126734.625
1093,62380.78471540753,87564.934,76140.914
1094,103387.42021227092,128402.8,135738.56
1095,123092.66332703969,113249.424,121681.734
1096,85631.257017239,93195.466,91656.586
1097,86673.58920618333,107890.144,98407.99
1098,155339.7365526827,167592.42,195920.7
1099,122260.84265678935,129221.312,127064.52
1100,138266.2059716324,117973.01,135355.78
1101,152646.46015617158,121187.938,123634.38
1102,139504.3086223742,135079.196,142509.98
1103,149574.2347490692,150686.568,150492.95
1104,174932.69247099897,166043.88,181366.64
1105,123693.8445273519,124025.704,127126.07
1106,118033.68727630493,140583.618,145565.97
1107,119490.6356372002,117214.738,123090.39
1108,204868.55858543166,190486.062,190318.48
1109,204534.2579004527,192107.23,200614.72
1110,151991.97623549076,128128.30146666667,113896.14
1111,168626.26782967197,164698.264,180802.12
1112,198730.03636732395,187184.55,183836.06
1113,236582.91893272265,249972.774,221502.2
1114,304258.2670552111,361051.19,277591.53
1115,151593.22349130362,129131.608,139737.05
1116,119382.37571495213,134900.974,136849.47
1117,143358.54708254198,139678.17,158324.58
1118,83744.60742941662,98073.016,93023.31
1119,20770.30652404134,76172.466,68831.04
1120,114174.70010861708,128610.362,125390.27
1121,115938.23021513037,134982.2,126933.54
1122,117123.60094864154,113294.968,111580.086
1123,252115.33215022576,254844.75,261316.98
1124,182946.88142141,164877.36,166096.97
1125,180528.00937554287,177705.922,191817.98
1126,229987.12826472218,187750.436,175858.45
1127,212375.44543033675,191880.134,188408.83
1128,156123.4637981893,146582.39085714286,135853.02
1129,164363.56042579515,143439.726,143133.1
1130,228557.25923297415,210941.452,217732.39
1131,228345.43474154267,228716.22,237577.12
1132,224396.86959920777,228944.984,231529.55
1133,249922.60808248143,245182.918,247901.16
1134,198831.62950034137,178297.812,175340.0
1135,219414.14133194066,214297.91,210922.2
1136,283630.72578307637,317508.246,309952.66
1137,198622.45448367344,195861.48,200892.9
1138,249410.94621583377,274802.926,276625.12
1139,321286.00994342426,342652.996,335952.0
1140,169966.1979388469,148489.408,179636.42
1141,164634.44976299233,140809.47146031744,171445.8
1142,79022.81027085055,88679.6,86498.57
1143,86276.15474332543,91268.3,86377.21
1144,79771.2382982634,86601.1,77597.336
1145,76500.42347800639,93719.018,82660.9
1146,151443.4519387111,145943.16,150753.61
1147,186614.76592357457,164166.85,159791.98
1148,208995.2088804245,188416.29,225781.34
1149,162144.51447884436,162053.636,174322.72
1150,104152.84971907153,113680.2,103659.49
1151,135803.6767276111,151614.8,156073.56
1152,144246.12400714937,153925.108,141551.06
1153,125079.86583277141,126516.1,134558.45
1154,118871.04357506637,126294.832,127832.18
1155,157302.32021091064,149898.9,136140.16
1156,155372.16368897632,137319.9,150033.83
1157,199035.00872607203,171159.472,170437.95
1158,218228.43022339768,194043.992,228367.53
1159,235928.7729694182,222532.578,216685.78
1160,179632.74036933598,180399.174,187566.86
1161,189007.67833005078,190578.91,189260.47
1162,194794.33341044653,198223.3,207856.83
1163,256900.7504507315,267409.848,267040.8
1164,275100.66486892756,273013.732,269158.84
1165,301104.5406580181,361711.534,342524.47
1166,172913.91752921417,169194.382,178418.61
1167,203009.53378529288,188178.452,181978.03
1168,333149.02679843246,363877.4,324588.1
1169,378767.0021514343,542055.626,490460.28
1170,303509.34240388684,327633.372,344419.53
1171,354667.8149494014,418215.184,423369.38
1172,326417.0185028529,359833.916,365611.72
1173,280109.3176447246,312313.74,316358.12
1174,314983.17478179233,387959.082,373038.3
1175,175404.63156928937,150266.194,156540.02
1176,207861.34551322344,193255.36266666668,172722.53
1177,186324.52526757447,158070.524,156189.23
1178,252923.43756086263,254160.834,236452.73
1179,197143.75525429333,178935.3,175931.44
1180,155106.39175047353,151007.4,146716.58
1181,90573.01743730251,110453.362,102388.0
1182,195286.4891130007,192428.246,201338.94
1183,131533.93874681648,115400.42186666667,107630.79
1184,144619.2169559421,127969.904,137770.69
1185,131634.0748483222,100726.616,101366.01
1186,120749.44589289348,91292.0,93801.9
1187,123214.20799060212,92738.6,90320.586
1188,155957.4579448388,138159.698,140037.58
1189,153188.8323770666,141943.2,144719.94
1190,173436.1463394151,142229.9472,148153.44
1191,165739.1345249212,152394.42,141665.64
1192,331767.2984828446,408458.736,398145.25
1193,272916.99343637587,268210.146,298307.88
1194,242252.74217998912,246132.056,298838.25
1195,318254.14442427526,377441.364,362513.62
1196,290082.9532308222,321795.592,338918.75
1197,292618.4644756445,319190.656,309304.34
1198,277126.5540161126,282466.216,251308.97
1199,278272.4920278203,300175.168,308792.38
1200,291488.9020392627,324975.984,307044.53
1201,305600.51050747884,348355.298,352714.34
1202,300333.32330082264,338537.368,324383.9
1203,270998.8789643543,278389.604,274287.84
1204,269607.25079676276,275045.562,272860.34
1205,299875.55417459924,310180.854,316311.28
1206,278539.298549389,289919.986,285268.72
1207,178926.16022455366,168300.464,171104.3
1208,195323.73071858566,183633.098,178260.88
1209,180569.40375939338,180328.298,167702.72
1210,275293.54577594623,286037.792,286421.4
1211,194690.64096878027,183832.894,175814.47
1212,209160.18270904338,182954.992,175764.67
1213,216180.42797961133,195335.0,202824.2
1214,218974.87108075293,189771.53,192288.55
1215,187367.91173161683,163665.53519999998,159581.52
1216,208470.47914336552,187618.89,185179.27
1217,205102.1765809746,201264.014,200865.73
1218,246351.2038500558,266785.68,284640.25
1219,267192.2406568383,263693.274,250618.22
1220,279098.6848098773,277237.746,268166.66
1221,331984.2978514654,391738.3,350257.44
1222,298190.8244168146,304852.892,315856.78
1223,378487.7018485444,499482.37,406524.78
1224,287999.52632953064,296170.26,314265.4
1225,308112.54558463,345194.57,304461.28
1226,267474.5905674661,274709.636,298618.94
1227,279145.34123645443,274438.614,307682.9
1228,234532.46008338477,237146.648,230482.69
1229,225732.20135398745,225818.848,225870.48
1230,342473.74283575313,404157.824,378944.62
1231,195916.5654839985,198682.25,202709.81
1232,147742.09807750094,132015.04,128920.766
1233,211716.28800450335,192665.21,184669.55
1234,149847.06585727492,134237.986,133476.72
1235,207621.8958426991,194138.266,183088.5
1236,199892.38107798947,186761.69,186569.12
1237,203023.49177805055,207234.776,201930.19
1238,184214.7899899839,196673.7,188618.0
1239,185967.4888477109,181568.25,164776.42
1240,170933.99918719335,174319.674,160748.25
1241,160014.7425707737,155616.11952380955,152701.31
1242,116538.76300509018,129446.22,127374.234
1243,167500.1652848255,164694.138,145849.5
1244,151283.6220999814,143405.354,142171.97
1245,111013.80622856435,126328.666,128738.06
1246,111635.77904449985,123107.166,121285.74
1247,124419.11414331757,127690.32,125942.69
1248,121946.70838984288,138689.06,147171.33
1249,97916.46621051687,114675.45,116699.66
1250,120597.18567377632,121906.132,124221.12
1251,292834.2004497745,263798.184,249617.61
1252,330476.9476197567,348013.738,305099.62
1253,207131.36936125602,165749.19266666667,174434.2
1254,180203.01454287767,150087.52791111107,148182.23
1255,177337.34097599448,169089.28466666667,169403.97
1256,173234.3407694467,151544.17844444443,141245.56
1257,205730.30997271044,184430.37,194466.48
1258,244100.10496091284,245716.326,234556.9
1259,150209.0326614168,153274.886,151538.25
1260,188110.84161186195,161251.872,169369.94
1261,125503.20827956544,140712.274,135250.6
1262,153782.72091848054,151001.434,158848.81
1263,164124.49478263548,142589.664,158866.97
1264,111605.95995720988,124607.362,128894.2
1265,114729.85332142026,134632.1,133499.53
1266,146322.20335906348,148107.474,143690.81
1267,192192.42314948933,157896.7,183900.14
1268,178375.20080804802,163801.596,164904.88
1269,142778.79526942805,155178.776,153868.84
1270,139678.1546316836,146785.75,147558.61
1271,130413.5438164724,118668.898,138867.9
1272,128827.2833602943,124474.35,137549.97
1273,157991.6177747778,159017.0,164082.8
1274,165663.99722483614,170240.56,157322.33
1275,117654.53304349212,131370.668,121380.31
1276,147984.84963371,153734.794,144480.69
1277,111400.30365564371,119378.95,118484.35
1278,156883.92589430837,134446.374,135332.11
1279,170231.19953729678,158237.82,159191.92
1280,153899.2959656599,143441.63571428575,142866.48
1281,139705.72164744372,148489.7,128319.945
1282,169953.8413524779,155655.374,148794.39
1283,143578.83717032894,146624.374,134797.56
1284,151248.24751460762,142828.5,147143.58
1285,145930.9891403101,135734.6,143141.44
1286,118853.33332440886,133728.05,130394.41
1287,170706.2751773151,158320.36,153554.95
1288,133354.0538412172,128430.568,121527.56
1289,122433.22140749265,131398.718,125592.82
1290,119278.03889090964,140162.15,141525.75
1291,110381.88821775978,127671.74,133686.05
1292,246536.61854604585,233796.31,290474.25
1293,162637.62882365705,145456.034,152236.64
1294,226017.81001560017,195772.698,249486.94
1295,153573.4785882146,132928.92,137114.88
1296,63097.130623394856,96226.8,97327.805
1297,44533.29491754016,81697.0,61993.113
1298,62158.861001322046,82743.5,81153.89
1299,163108.91200539866,159034.216,166884.9
1300,115829.10959312506,141513.37,133965.02
1301,146975.92398945196,140377.6,144650.55
1302,141963.55185601814,142036.7,137367.19
1303,204099.3295469829,179193.908,184220.03
1304,182120.6191651679,162263.33,156727.92
1305,277353.7680907496,275976.488,317360.94
1306,129955.41976343608,133436.47,144588.4
1307,57711.84355907608,92834.8,91720.22
1308,130352.98401446454,131288.262,131139.36
1309,112851.10931851948,109513.95,119676.07
1310,165971.57326398743,152297.0,152515.6
1311,106697.83081999281,118877.25,113150.71
1312,98502.08128983807,119958.75,108076.6
1313,147192.5274265688,139386.91,139769.33
1314,145996.5498156473,140159.568,143854.83
1315,107016.18973756721,138130.698,133494.8
1316,138892.82257224456,135670.576,127430.66
1317,150514.782073454,152440.098,140973.25
1318,146250.34820284718,117878.81866666667,118713.51
1319,119124.37327297754,121519.858,119951.73
1320,116898.49499740405,113063.6,100564.59
1321,93102.48057250725,107782.808,106506.06
1322,85546.55825109221,93977.058,98406.79
1323,58946.19797133794,96027.316,102338.695
1324,125593.93413508544,131123.45,129844.94
1325,121418.8427614728,142800.754,134937.97
1326,21745.402940028114,60979.8,57126.742
1327,141665.58929741662,125871.872,120633.16
1328,34978.24557948578,77574.432,72506.055
1329,181459.10003341385,214997.63,168521.98
1330,97244.49016421684,99696.816,97426.79
1331,118947.91428202088,132568.24,137561.27
1332,30743.66605248023,82646.75,49467.75
1333,174960.5889605654,176321.674,179173.78
1334,55435.5416077564,98211.4,101249.016
1335,110982.87101039756,112081.164,121271.875
1336,81959.22454761388,104374.566,93698.266
1337,237496.68210021732,214843.78,234211.3
1338,90390.0536022801,115058.952,101211.82
1339,111538.61019675247,114389.428,129544.336
1340,60182.07883315277,84329.6,71426.96
1341,117501.20267130295,118014.3,122930.875
1342,132836.77369231568,133306.042,128847.25
1343,202963.3320066051,173318.44,172999.72
1344,146033.03455599956,152808.716,136625.6
1345,108066.9973689001,108020.144,104538.27
1346,74432.48942064797,93091.906,73260.21
1347,175238.7248339334,146239.6306666667,165120.19
1348,141174.2663239627,148318.696,145921.72
1349,145205.50901628542,135623.38571428575,138752.97
1350,121876.37652527494,139353.5,135644.6
1351,158227.3641214457,158318.118,153275.14
1352,164164.70286046946,145195.54,146253.31
1353,175396.38618962513,162964.256,168728.67
1354,173559.69945214642,157051.872,156752.3
1355,100543.65870363545,114499.61,104350.945
1356,252965.07047558855,269423.396,265385.44
1357,156272.68687855056,151676.24,160971.88
1358,130697.12835005159,130141.7,129173.31
1359,190598.2231836277,166076.08,148369.14
1360,123128.5084262474,130589.7,136480.88
1361,113183.12574032997,106654.678,114463.47
1362,208471.34938379773,213790.72,252008.52
1363,318135.1282156727,253925.08,374726.56
1364,171061.6992871703,170210.88,168106.9
1365,146262.8487567883,155160.094,145620.16
1366,129329.20477742585,139573.45,131259.03
1367,145272.50011975737,139176.768,130800.54
1368,227873.75526928413,205038.0,202754.72
1369,223986.90989475744,191385.432,201533.84
1370,243871.00651967037,234293.652,236347.48
1371,202490.65358106722,193511.716,196472.89
1372,229150.33225575043,208502.28,237887.33
1373,256245.33404493798,252534.622,250349.31
1374,224051.96663224325,226345.82,206446.27
1375,232072.0839565713,215842.2,217263.19
1376,207632.8456432887,195059.87,191205.88
1377,177531.36904047313,160204.66,159872.05
1378,149159.22063782974,151689.364,162441.17
1379,182016.99205798656,181458.71,186058.02
1380,207923.08083392028,186541.12,198329.8
1381,209919.7422108748,205808.292,209780.48
1382,226076.92679979466,221066.902,200971.31
1383,156039.45870253048,150220.598,147613.0
1384,175011.3476900966,164065.298,160357.39
1385,122312.57848797832,128845.466,130113.305
1386,215507.38192553143,212128.932,212556.56
1387,199015.93446874362,200870.812,201732.08
1388,237693.1398877902,226052.262,217679.4
1389,214609.86418918194,208053.072,215949.11
1390,271279.67225293536,263713.538,249792.69
1391,234569.60592650156,244786.51,274237.53
1392,233650.04547651787,224309.306,224001.88
1393,228864.73229136062,226207.502,225006.98
1394,152510.82359591103,136349.26255411256,136491.11
1395,206038.83928713063,188988.008,192489.0
1396,215076.44439669815,214294.218,215784.2
1397,206341.95367331197,190722.49,187164.39
1398,201320.88524550293,193323.114,182416.2
1399,96009.90697766677,123860.088,133710.03
1400,116438.9697349451,122169.9,114859.055
1401,132455.55507220142,116909.66,137525.06
1402,219838.8815993839,201884.576,206627.3
1403,135686.77052585687,119050.56031746032,127734.11
1404,255120.92485321197,266839.456,239432.62
1405,160679.3700208629,145591.33533333335,145790.95
1406,203747.59407836432,139259.07,130048.02
1407,82452.6195586184,104098.808,101089.15
1408,115528.42266108748,115969.932,113333.41
1409,102082.43804082554,122125.414,121013.74
1410,131862.43009488843,151234.268,131470.89
1411,75681.24266592879,111204.106,104733.47
1412,-7680.748916260898,64818.4,61405.47
1413,86896.76237467141,111251.032,113764.73
1414,125546.34540301748,127828.228,133574.6
1415,144146.10522419657,125829.6,129307.47
1416,179810.5976520297,154615.326,182952.88
1417,141761.7343839989,146281.556,141093.12
1418,174893.8985610567,166593.168,167580.27
1419,134274.72303738003,137140.832,135780.81
1420,94827.52011440578,108048.668,116389.875
1421,148452.79901434947,154038.76,143634.36
1422,161072.98572047544,158569.252,155377.02
1423,185999.88454220793,171448.56,164334.64
1424,199084.27873836574,174248.76,194125.31
1425,175869.84089424252,186095.458,189308.8
1426,208641.02840639185,194609.856,206905.42
1427,105909.15529571893,115996.1,111652.08
1428,142445.19757391745,122271.108,129322.086
1429,32797.57749912236,63655.6,56446.62
1430,56339.53044333588,88378.6,82730.02
1431,155612.83103669574,147154.462,130183.85
1432,29326.076948314207,69528.9,49258.164
1433,107977.7648683826,118378.27,121638.1
1434,25249.280845302856,59534.8,50362.562
1435,260737.25299642212,267825.872,266034.62
1436,252942.765823544,256283.81,261657.14
1437,214793.60444195638,204277.25,190959.9
1438,191393.68243011157,173749.934,154165.45
1439,229295.27517862222,243895.796,228323.5
1440,165553.4962469607,158228.14,155867.38
1441,225675.99089442403,208987.54,241907.86
1442,188533.45329894638,183449.862,161596.11
1443,288274.41742060054,339140.072,331926.28
1444,291945.01511889463,311545.51,300484.78
1445,49041.197718489915,128229.332,107221.52
1446,215042.48386290134,196244.028,207041.47
1447,131485.5438710139,129225.678,113437.62
1448,116090.01112038689,127086.098,129634.305
1449,182248.85757031245,143769.856,167359.02
1450,69480.71030528354,79362.9,75003.19
1451,79011.93244009791,88477.6,86498.57
1452,147315.20553517668,156692.348,144833.8
1453,85476.82574961055,88812.4,85516.305
1454,73714.27641550475,84087.5,71520.016
1455,86084.91698678513,87855.308,77940.85
1456,85673.17059469642,88067.4,82011.75
1457,156266.24357295362,161493.974,188830.33
1458,110471.83667513123,118987.3,125172.88
1459,235963.7501308613,232066.084,218000.22
